{
  "phase1": {
    "accuracy": [
      0.4701186418533325,
      0.570525586605072,
      0.593682050704956,
      0.6018823385238647,
      0.6082344651222229,
      0.6149126887321472,
      0.6178946495056152,
      0.6197738647460938
    ],
    "loss": [
      2.2020065784454346,
      1.687435507774353,
      1.5769811868667603,
      1.5314170122146606,
      1.504958987236023,
      1.4722460508346558,
      1.4606997966766357,
      1.451554536819458
    ],
    "val_accuracy": [
      0.6053511500358582,
      0.6307868361473083,
      0.6386199593544006,
      0.6465411186218262,
      0.6475092172622681,
      0.6510297656059265,
      0.6572786569595337,
      0.6571906208992004
    ],
    "val_loss": [
      1.5551395416259766,
      1.4408166408538818,
      1.402484655380249,
      1.3726732730865479,
      1.3809623718261719,
      1.3601478338241577,
      1.349484920501709,
      1.3519314527511597
    ]
  },
  "phase2": {
    "accuracy": [
      0.6510995626449585,
      0.6702180504798889,
      0.6787755489349365,
      0.6882182955741882,
      0.6920543909072876,
      0.697303831577301
    ],
    "loss": [
      1.316591501235962,
      1.2412042617797852,
      1.2088079452514648,
      1.1727951765060425,
      1.1521962881088257,
      1.1274138689041138
    ],
    "val_accuracy": [
      0.6743531227111816,
      0.6810420751571655,
      0.6857067346572876,
      0.6890512108802795,
      0.6921316385269165,
      0.6958281993865967
    ],
    "val_loss": [
      1.274719476699829,
      1.2434000968933105,
      1.22207772731781,
      1.2058101892471313,
      1.1935392618179321,
      1.180101990699768
    ]
  },
  "test_accuracy": 0.7464554309844971
}